c_hlevel,c_fullname,c_name,c_synonym_cd,c_visualattributes,c_totalnum,c_basecode,c_metadataxml,c_facttablecolumn,c_tablename,c_columnname,c_columndatatype,c_operator,c_dimcode,c_comment,c_tooltip,m_applied_path,update_date,download_date,import_date,sourcesystem_cd,valuetype_cd,m_exclusion_cd,c_path,c_symbol
6,\ACT\UMLS_C0031437\SNOMED_3947185011\UMLS_C0022885\SNOMED_258603007\LOINC_94500-6\LOINC:94500-6 EQUIVOCAL\,LOINC:94500-6 EQUIVOCAL,N,LA ,NULL,LOINC:94500-6 EQUIVOCAL,NULL,concept_cd,concept_dimension,concept_path,T,LIKE,\ACT\UMLS_C0031437\SNOMED_3947185011\UMLS_C0022885\LOINC_94307-6\,NULL,\ACT\UMLS_C0031437\SNOMED_3947185011\UMLS_C0022885\SNOMED_258603007\LOINC_94500-6\LOINC:94500-6 EQUIVOCAL\,@,2020-03-18,2020-03-18,2020-03-18,ACT,NULL,NULL,NULL,NULL
6,\ACT\UMLS_C0031437\SNOMED_3947185011\UMLS_C0022885\SNOMED_258603007\LOINC_94533-7\LOINC:94533-7 EQUIVOCAL\,LOINC:94533-7 EQUIVOCAL,N,LA ,NULL,LOINC:94533-7 EQUIVOCAL,NULL,concept_cd,concept_dimension,concept_path,T,LIKE,\ACT\UMLS_C0031437\SNOMED_3947185011\UMLS_C0022885\LOINC_94308-4\,NULL,\ACT\UMLS_C0031437\SNOMED_3947185011\UMLS_C0022885\SNOMED_258603007\LOINC_94533-7\LOINC:94533-7 EQUIVOCAL\,@,2020-03-18,2020-03-18,2020-03-18,ACT,NULL,NULL,NULL,NULL
6,\ACT\UMLS_C0031437\SNOMED_3947185011\UMLS_C0022885\SNOMED_430304001\LOINC_94307-6\LOINC:94307-6 EQUIVOCAL\,LOINC:94307-6 EQUIVOCAL,N,LA ,NULL,LOINC:94307-6 EQUIVOCAL,NULL,concept_cd,concept_dimension,concept_path,T,LIKE,\ACT\UMLS_C0031437\SNOMED_3947185011\UMLS_C0022885\LOINC_94315-9\,NULL,\ACT\UMLS_C0031437\SNOMED_3947185011\UMLS_C0022885\SNOMED_430304001\LOINC_94307-6\LOINC:94307-6 EQUIVOCAL\,@,2020-03-18,2020-03-18,2020-03-18,ACT,NULL,NULL,NULL,NULL
6,\ACT\UMLS_C0031437\SNOMED_3947185011\UMLS_C0022885\SNOMED_258603007\LOINC_94534-5\LOINC:94534-5 EQUIVOCAL\,LOINC:94534-5 EQUIVOCAL,N,LA ,NULL,LOINC:94534-5 EQUIVOCAL,NULL,concept_cd,concept_dimension,concept_path,T,LIKE,\ACT\UMLS_C0031437\SNOMED_3947185011\UMLS_C0022885\LOINC_94309-2\,NULL,\ACT\UMLS_C0031437\SNOMED_3947185011\UMLS_C0022885\SNOMED_258603007\LOINC_94534-5\LOINC:94534-5 EQUIVOCAL\,@,2020-03-18,2020-03-18,2020-03-18,ACT,NULL,NULL,NULL,NULL
6,\ACT\UMLS_C0031437\SNOMED_3947185011\UMLS_C0022885\SNOMED_258603007\LOINC_94532-9\LOINC:94532-9 EQUIVOCAL\,LOINC:94532-9 EQUIVOCAL,N,LA ,NULL,LOINC:94532-9 EQUIVOCAL,NULL,concept_cd,concept_dimension,concept_path,T,LIKE,\ACT\UMLS_C0031437\SNOMED_3947185011\UMLS_C0022885\LOINC_94310-0\,NULL,\ACT\UMLS_C0031437\SNOMED_3947185011\UMLS_C0022885\SNOMED_258603007\LOINC_94532-9\LOINC:94532-9 EQUIVOCAL\,@,2020-03-18,2020-03-18,2020-03-18,ACT,NULL,NULL,NULL,NULL
6,\ACT\UMLS_C0031437\SNOMED_3947185011\UMLS_C0022885\SNOMED_258603007\LOINC_94502-2\LOINC:94502-2 EQUIVOCAL\,LOINC:94502-2 EQUIVOCAL,N,LA ,NULL,LOINC:94502-2 EQUIVOCAL,NULL,concept_cd,concept_dimension,concept_path,T,LIKE,\ACT\UMLS_C0031437\SNOMED_3947185011\UMLS_C0022885\LOINC_94311-8\,NULL,\ACT\UMLS_C0031437\SNOMED_3947185011\UMLS_C0022885\SNOMED_258603007\LOINC_94502-2\LOINC:94502-2 EQUIVOCAL\,@,2020-03-18,2020-03-18,2020-03-18,ACT,NULL,NULL,NULL,NULL
6,\ACT\UMLS_C0031437\SNOMED_3947185011\UMLS_C0022885\SNOMED_430304001\LOINC_94309-2\LOINC:94309-2 EQUIVOCAL\,LOINC:94309-2 EQUIVOCAL,N,LA ,NULL,LOINC:94309-2 EQUIVOCAL,NULL,concept_cd,concept_dimension,concept_path,T,LIKE,\ACT\UMLS_C0031437\SNOMED_3947185011\UMLS_C0022885\LOINC_94313-4\,NULL,\ACT\UMLS_C0031437\SNOMED_3947185011\UMLS_C0022885\SNOMED_430304001\LOINC_94309-2\LOINC:94309-2 EQUIVOCAL\,@,2020-03-18,2020-03-18,2020-03-18,ACT,NULL,NULL,NULL,NULL
6,\ACT\UMLS_C0031437\SNOMED_3947185011\UMLS_C0022885\SNOMED_430304001\LOINC_94316-7\LOINC:94316-7 EQUIVOCAL\,LOINC:94316-7 EQUIVOCAL,N,LA ,NULL,LOINC:94316-7 EQUIVOCAL,NULL,concept_cd,concept_dimension,concept_path,T,LIKE,\ACT\UMLS_C0031437\SNOMED_3947185011\UMLS_C0022885\LOINC_94314-2\,NULL,\ACT\UMLS_C0031437\SNOMED_3947185011\UMLS_C0022885\SNOMED_430304001\LOINC_94316-7\LOINC:94316-7 EQUIVOCAL\,@,2020-03-18,2020-03-18,2020-03-18,ACT,NULL,NULL,NULL,NULL
6,\ACT\UMLS_C0031437\SNOMED_3947185011\UMLS_C0022885\SNOMED_430304001\LOINC_94308-4\LOINC:94308-4 EQUIVOCAL\,LOINC:94308-4 EQUIVOCAL,N,LA ,NULL,LOINC:94308-4 EQUIVOCAL,NULL,concept_cd,concept_dimension,concept_path,T,LIKE,\ACT\UMLS_C0031437\SNOMED_3947185011\UMLS_C0022885\LOINC_94316-7\,NULL,\ACT\UMLS_C0031437\SNOMED_3947185011\UMLS_C0022885\SNOMED_430304001\LOINC_94308-4\LOINC:94308-4 EQUIVOCAL\,@,2020-03-18,2020-03-18,2020-03-18,ACT,NULL,NULL,NULL,NULL
6,\ACT\UMLS_C0031437\SNOMED_3947185011\UMLS_C0022885\SNOMED_430304001\LOINC_94510-5\LOINC:94310-5 EQUIVOCAL\,LOINC:94310-5 EQUIVOCAL,N,LA ,NULL,LOINC:94310-5 EQUIVOCAL,NULL,concept_cd,concept_dimension,concept_path,T,LIKE,\ACT\UMLS_C0031437\SNOMED_3947185011\UMLS_C0022885\UMLS_C0521094\,NULL,\ACT\UMLS_C0031437\SNOMED_3947185011\UMLS_C0022885\SNOMED_430304001\LOINC_94510-5\LOINC:94310-5 EQUIVOCAL\,@,2020-03-18,2020-03-18,2020-03-18,ACT,NULL,NULL,NULL,NULL
6,\ACT\UMLS_C0031437\SNOMED_3947185011\UMLS_C0022885\SNOMED_430304001\LOINC_94311-8\LOINC:94311-8 EQUIVOCAL\,LOINC:94311-8 EQUIVOCAL,N,LA ,NULL,LOINC:94311-8 EQUIVOCAL,NULL,concept_cd,concept_dimension,concept_path,T,LIKE,\ACT\UMLS_C0031437\SNOMED_3947185011\UMLS_C0022885\UMLS_C0521094\,NULL,\ACT\UMLS_C0031437\SNOMED_3947185011\UMLS_C0022885\SNOMED_430304001\LOINC_94311-8\LOINC:94311-8 EQUIVOCAL\,@,2020-03-18,2020-03-18,2020-03-18,ACT,NULL,NULL,NULL,NULL
6,\ACT\UMLS_C0031437\SNOMED_3947185011\UMLS_C0022885\SNOMED_430304001\LOINC_94312-6\LOINC:94312-6 EQUIVOCAL\,LOINC:94312-6 EQUIVOCAL,N,LA ,NULL,LOINC:94312-6 EQUIVOCAL,NULL,concept_cd,concept_dimension,concept_path,T,LIKE,\ACT\UMLS_C0031437\SNOMED_3947185011\UMLS_C0022885\UMLS_C0521094\,NULL,\ACT\UMLS_C0031437\SNOMED_3947185011\UMLS_C0022885\SNOMED_430304001\LOINC_94312-6\LOINC:94312-6 EQUIVOCAL\,@,2020-03-18,2020-03-18,2020-03-18,ACT,NULL,NULL,NULL,NULL
6,\ACT\UMLS_C0031437\SNOMED_3947185011\UMLS_C0022885\SNOMED_430304001\LOINC_94315-9\LOINC:94315-9 EQUIVOCAL\,LOINC:94315-9 EQUIVOCAL,N,LA ,NULL,LOINC:94315-9 EQUIVOCAL,NULL,concept_cd,concept_dimension,concept_path,T,LIKE,\ACT\UMLS_C0031437\SNOMED_3947185011\UMLS_C0022885\UMLS_C0521094\,NULL,\ACT\UMLS_C0031437\SNOMED_3947185011\UMLS_C0022885\SNOMED_430304001\LOINC_94315-9\LOINC:94315-9 EQUIVOCAL\,@,2020-03-18,2020-03-18,2020-03-18,ACT,NULL,NULL,NULL,NULL
6,\ACT\UMLS_C0031437\SNOMED_3947185011\UMLS_C0022885\SNOMED_430304001\LOINC_94509-7\LOINC:94509-7 EQUIVOCAL\,LOINC:94509-7 EQUIVOCAL,N,LA ,NULL,LOINC:94509-7 EQUIVOCAL,NULL,concept_cd,concept_dimension,concept_path,T,LIKE,\ACT\UMLS_C0031437\SNOMED_3947185011\UMLS_C0022885\UMLS_C0521094\,NULL,\ACT\UMLS_C0031437\SNOMED_3947185011\UMLS_C0022885\SNOMED_430304001\LOINC_94509-7\LOINC:94509-7 EQUIVOCAL\,@,2020-03-18,2020-03-18,2020-03-18,ACT,NULL,NULL,NULL,NULL
6,\ACT\UMLS_C0031437\SNOMED_3947185011\UMLS_C0022885\SNOMED_430304001\LOINC_94314-2\LOINC:94314-2 EQUIVOCAL\,LOINC:94314-2 EQUIVOCAL,N,LA ,NULL,LOINC:94314-2 EQUIVOCAL,NULL,concept_cd,concept_dimension,concept_path,T,LIKE,\ACT\UMLS_C0031437\SNOMED_3947185011\UMLS_C0022885\UMLS_C0521094\,NULL,\ACT\UMLS_C0031437\SNOMED_3947185011\UMLS_C0022885\SNOMED_430304001\LOINC_94314-2\LOINC:94314-2 EQUIVOCAL\,@,2020-03-18,2020-03-18,2020-03-18,ACT,NULL,NULL,NULL,NULL
6,\ACT\UMLS_C0031437\SNOMED_3947185011\UMLS_C0022885\SNOMED_430304001\LOINC_94511-3\LOINC:94511-3 EQUIVOCAL\,LOINC:94511-3 EQUIVOCAL,N,LA ,NULL,LOINC:94511-3 EQUIVOCAL,NULL,concept_cd,concept_dimension,concept_path,T,LIKE,\ACT\UMLS_C0031437\SNOMED_3947185011\UMLS_C0022885\UMLS_C0521094\,NULL,\ACT\UMLS_C0031437\SNOMED_3947185011\UMLS_C0022885\SNOMED_430304001\LOINC_94511-3\LOINC:94511-3 EQUIVOCAL\,@,2020-03-18,2020-03-18,2020-03-18,ACT,NULL,NULL,NULL,NULL
6,\ACT\UMLS_C0031437\SNOMED_3947185011\UMLS_C0022885\SNOMED_430304001\LOINC_94310-0\LOINC:94310-0 EQUIVOCAL\,LOINC:94310-0 EQUIVOCAL,N,LA ,NULL,LOINC:94310-0 EQUIVOCAL,NULL,concept_cd,concept_dimension,concept_path,T,LIKE,\ACT\UMLS_C0031437\SNOMED_3947185011\UMLS_C0022885\UMLS_C0521094\,NULL,\ACT\UMLS_C0031437\SNOMED_3947185011\UMLS_C0022885\SNOMED_430304001\LOINC_94310-0\LOINC:94310-0 EQUIVOCAL\,@,2020-03-18,2020-03-18,2020-03-18,ACT,NULL,NULL,NULL,NULL
6,\ACT\UMLS_C0031437\SNOMED_3947185011\UMLS_C0022885\SNOMED_430304001\LOINC_94313-4\LOINC:94313-4 EQUIVOCAL\,LOINC:94313-4 EQUIVOCAL,N,LA ,NULL,LOINC:94313-4 EQUIVOCAL,NULL,concept_cd,concept_dimension,concept_path,T,LIKE,\ACT\UMLS_C0031437\SNOMED_3947185011\UMLS_C0022885\UMLS_C0521094\,NULL,\ACT\UMLS_C0031437\SNOMED_3947185011\UMLS_C0022885\SNOMED_430304001\LOINC_94313-4\LOINC:94313-4 EQUIVOCAL\,@,2020-03-18,2020-03-18,2020-03-18,ACT,NULL,NULL,NULL,NULL
6,\ACT\UMLS_C0031437\SNOMED_3947185011\UMLS_C0022885\SNOMED_120646007\LOINC_94507-1\LOINC:94507-1 EQUIVOCAL\,LOINC:94507-1 EQUIVOCAL,N,LA ,NULL,LOINC:94507-1 EQUIVOCAL,NULL,concept_cd,concept_dimension,concept_path,T,LIKE,\ACT\UMLS_C0031437\SNOMED_3947185011\UMLS_C0022885\UMLS_C0521094\,NULL,\ACT\UMLS_C0031437\SNOMED_3947185011\UMLS_C0022885\SNOMED_120646007\LOINC_94507-1\LOINC:94507-1 EQUIVOCAL\,@,2020-03-18,2020-03-18,2020-03-18,ACT,NULL,NULL,NULL,NULL
1,\ACT\UMLS_C0031437\,ACT Phenotype,N,CA ,NULL,NULL,NULL,concept_cd,concept_dimension,concept_path,T,LIKE,\ACT\UMLS_C0031437\,NULL,\ACT\UMLS_C0031437\,@,2020-03-18,2020-03-18,2020-03-18,ACT,NULL,NULL,NULL,NULL
2,\ACT\UMLS_C0031437\SNOMED_3947185011\,COVID-19 Related Terms,N,FA ,NULL,NULL,NULL,concept_cd,concept_dimension,concept_path,T,LIKE,\ACT\UMLS_C0031437\SNOMED_3947185011\,NULL,\ACT\UMLS_C0031437\SNOMED_3947185011\,@,2020-03-18,2020-03-18,2020-03-18,ACT,NULL,NULL,NULL,NULL
3,\ACT\UMLS_C0031437\SNOMED_3947185011\UMLS_C0022885\,COVID-19 Testing,N,FA ,NULL,NULL,NULL,concept_cd,concept_dimension,concept_path,T,LIKE,\ACT\UMLS_C0031437\SNOMED_3947185011\UMLS_C0022885\,NULL,\ACT\UMLS_C0031437\SNOMED_3947185011\UMLS_C0022885\,@,2020-03-18,2020-03-18,2020-03-18,ACT,NULL,NULL,NULL,NULL
4,\ACT\UMLS_C0031437\SNOMED_3947185011\UMLS_C0022885\CPT4_87635\,Infectious agent detection by nucleic acid (DNA or RNA) (CPT4:87653),N,LA ,NULL,CPT4:87653,NULL,concept_cd,concept_dimension,concept_path,T,LIKE,\ACT\UMLS_C0031437\SNOMED_3947185011\UMLS_C0022885\CPT4_87635\,NULL,\ACT\UMLS_C0031437\SNOMED_3947185011\UMLS_C0022885\CPT4_87635\,@,2020-03-18,2020-03-18,2020-03-18,ACT,NULL,NULL,NULL,NULL
4,\ACT\UMLS_C0031437\SNOMED_3947185011\UMLS_C0022885\HCPCS_U0001\,CDC testing laboratories to test patients for SARS-CoV-2 ( HCPCS:U0001),N,LA ,NULL,HCPCS:U0001,NULL,concept_cd,concept_dimension,concept_path,T,LIKE,\ACT\UMLS_C0031437\SNOMED_3947185011\UMLS_C0022885\HCPCS_U0001\,NULL,\ACT\UMLS_C0031437\SNOMED_3947185011\UMLS_C0022885\HCPCS_U0001\,@,2020-03-18,2020-03-18,2020-03-18,ACT,NULL,NULL,NULL,NULL
4,\ACT\UMLS_C0031437\SNOMED_3947185011\UMLS_C0022885\HCPCS_U0002\,Non-CDC laboratory tests for SARS-CoV-2/2019-nCoV (COVID-19) (HCPCS:U0002),N,LA ,NULL,HCPCS:U0002,NULL,concept_cd,concept_dimension,concept_path,T,LIKE,\ACT\UMLS_C0031437\SNOMED_3947185011\UMLS_C0022885\HCPCS_U0002\,NULL,\ACT\UMLS_C0031437\SNOMED_3947185011\UMLS_C0022885\HCPCS_U0002\,@,2020-03-18,2020-03-18,2020-03-18,ACT,NULL,NULL,NULL,NULL
4,\ACT\UMLS_C0031437\SNOMED_3947185011\UMLS_C0022885\SNOMED_258603007\,SARS-CoV-2 Respiratory Specimen,N,FA ,NULL,NULL,NULL,concept_cd,concept_dimension,concept_path,T,LIKE,\ACT\UMLS_C0031437\SNOMED_3947185011\UMLS_C0022885\LOINC_94306-8\,NULL,\ACT\UMLS_C0031437\SNOMED_3947185011\UMLS_C0022885\SNOMED_258603007\,@,2020-03-18,2020-03-18,2020-03-18,ACT,NULL,NULL,NULL,NULL
5,\ACT\UMLS_C0031437\SNOMED_3947185011\UMLS_C0022885\SNOMED_258603007\LOINC_94500-6\,SARS-CoV-2 RNA (qualitative) (LOINC:94500-6),N,FA ,NULL,LOINC:94500-6,NULL,concept_cd,concept_dimension,concept_path,T,LIKE,\ACT\UMLS_C0031437\SNOMED_3947185011\UMLS_C0022885\LOINC_94307-6\,NULL,\ACT\UMLS_C0031437\SNOMED_3947185011\UMLS_C0022885\SNOMED_258603007\LOINC_94500-6\,@,2020-03-18,2020-03-18,2020-03-18,ACT,NULL,NULL,NULL,NULL
5,\ACT\UMLS_C0031437\SNOMED_3947185011\UMLS_C0022885\SNOMED_258603007\LOINC_94533-7\,SARS-CoV-2 N gene (qualitative) (LOINC:94533-7),N,FA ,NULL,LOINC:94533-7,NULL,concept_cd,concept_dimension,concept_path,T,LIKE,\ACT\UMLS_C0031437\SNOMED_3947185011\UMLS_C0022885\LOINC_94308-4\,NULL,\ACT\UMLS_C0031437\SNOMED_3947185011\UMLS_C0022885\SNOMED_258603007\LOINC_94533-7\,@,2020-03-18,2020-03-18,2020-03-18,ACT,NULL,NULL,NULL,NULL
5,\ACT\UMLS_C0031437\SNOMED_3947185011\UMLS_C0022885\SNOMED_430304001\LOINC_94307-6\,'SARS-CoV-2 N gene (qualitative, CDC primer-probe set N1) (LOINC:94307-6)',N,FA ,NULL,LOINC:94307-6,NULL,concept_cd,concept_dimension,concept_path,T,LIKE,\ACT\UMLS_C0031437\SNOMED_3947185011\UMLS_C0022885\LOINC_94315-9\,NULL,\ACT\UMLS_C0031437\SNOMED_3947185011\UMLS_C0022885\SNOMED_430304001\LOINC_94307-6\,@,2020-03-18,2020-03-18,2020-03-18,ACT,NULL,NULL,NULL,NULL
5,\ACT\UMLS_C0031437\SNOMED_3947185011\UMLS_C0022885\SNOMED_258603007\LOINC_94534-5\,SARS-CoV-2 RdRp gene (qualitative) (LOINC:94534-5),N,FA ,NULL,LOINC:94534-5,NULL,concept_cd,concept_dimension,concept_path,T,LIKE,\ACT\UMLS_C0031437\SNOMED_3947185011\UMLS_C0022885\LOINC_94309-2\,NULL,\ACT\UMLS_C0031437\SNOMED_3947185011\UMLS_C0022885\SNOMED_258603007\LOINC_94534-5\,@,2020-03-18,2020-03-18,2020-03-18,ACT,NULL,NULL,NULL,NULL
5,\ACT\UMLS_C0031437\SNOMED_3947185011\UMLS_C0022885\SNOMED_258603007\LOINC_94532-9\,SARS-CoV + SARS-like + SARS-CoV-2 + MERS (qualitative) (LOINC:94532-9),N,FA ,NULL,LOINC:94532-9,NULL,concept_cd,concept_dimension,concept_path,T,LIKE,\ACT\UMLS_C0031437\SNOMED_3947185011\UMLS_C0022885\LOINC_94310-0\,NULL,\ACT\UMLS_C0031437\SNOMED_3947185011\UMLS_C0022885\SNOMED_258603007\LOINC_94532-9\,@,2020-03-18,2020-03-18,2020-03-18,ACT,NULL,NULL,NULL,NULL
5,\ACT\UMLS_C0031437\SNOMED_3947185011\UMLS_C0022885\SNOMED_258603007\LOINC_94502-2\,SARS-CoV + SARS-like + SARS-CoV-2 (qualitative) (LOINC:94502-2),N,FA ,NULL,LOINC:94502-2,NULL,concept_cd,concept_dimension,concept_path,T,LIKE,\ACT\UMLS_C0031437\SNOMED_3947185011\UMLS_C0022885\LOINC_94311-8\,NULL,\ACT\UMLS_C0031437\SNOMED_3947185011\UMLS_C0022885\SNOMED_258603007\LOINC_94502-2\,@,2020-03-18,2020-03-18,2020-03-18,ACT,NULL,NULL,NULL,NULL
4,\ACT\UMLS_C0031437\SNOMED_3947185011\UMLS_C0022885\SNOMED_430304001\,SARS-CoV-2 Unspecified Specimen,N,FA ,NULL,NULL,NULL,concept_cd,concept_dimension,concept_path,T,LIKE,\ACT\UMLS_C0031437\SNOMED_3947185011\UMLS_C0022885\LOINC_94312-6\,NULL,\ACT\UMLS_C0031437\SNOMED_3947185011\UMLS_C0022885\SNOMED_430304001\,@,2020-03-18,2020-03-18,2020-03-18,ACT,NULL,NULL,NULL,NULL
5,\ACT\UMLS_C0031437\SNOMED_3947185011\UMLS_C0022885\SNOMED_430304001\LOINC_94309-2\,SARS-CoV-2 N gene (LOINC:94309-2),N,FA ,NULL,LOINC:94309-2,NULL,concept_cd,concept_dimension,concept_path,T,LIKE,\ACT\UMLS_C0031437\SNOMED_3947185011\UMLS_C0022885\LOINC_94313-4\,NULL,\ACT\UMLS_C0031437\SNOMED_3947185011\UMLS_C0022885\SNOMED_430304001\LOINC_94309-2\,@,2020-03-18,2020-03-18,2020-03-18,ACT,NULL,NULL,NULL,NULL
5,\ACT\UMLS_C0031437\SNOMED_3947185011\UMLS_C0022885\SNOMED_430304001\LOINC_94316-7\,SARS-CoV-2 N gene (qualitative) (LOINC:94316-7),N,FA ,NULL,LOINC:94316-7,NULL,concept_cd,concept_dimension,concept_path,T,LIKE,\ACT\UMLS_C0031437\SNOMED_3947185011\UMLS_C0022885\LOINC_94314-2\,NULL,\ACT\UMLS_C0031437\SNOMED_3947185011\UMLS_C0022885\SNOMED_430304001\LOINC_94316-7\,@,2020-03-18,2020-03-18,2020-03-18,ACT,NULL,NULL,NULL,NULL
5,\ACT\UMLS_C0031437\SNOMED_3947185011\UMLS_C0022885\SNOMED_430304001\LOINC_94308-4\,'SARS-CoV-2 N gene (qualitative, CDC primer-probe set N2) (LOINC:94308-4)',N,FA ,NULL,LOINC:94308-4,NULL,concept_cd,concept_dimension,concept_path,T,LIKE,\ACT\UMLS_C0031437\SNOMED_3947185011\UMLS_C0022885\LOINC_94316-7\,NULL,\ACT\UMLS_C0031437\SNOMED_3947185011\UMLS_C0022885\SNOMED_430304001\LOINC_94308-4\,@,2020-03-18,2020-03-18,2020-03-18,ACT,NULL,NULL,NULL,NULL
4,\ACT\UMLS_C0031437\SNOMED_3947185011\UMLS_C0022885\UMLS_C4303880\,ANY Equivocal Lab Test,N,LA ,NULL,UMLS:C4303880,NULL,concept_cd,concept_dimension,concept_path,T,LIKE,\ACT\UMLS_C0031437\SNOMED_3947185011\UMLS_C0022885\UMLS_C4303880\,NULL,\ACT\UMLS_C0031437\SNOMED_3947185011\UMLS_C0022885\UMLS_C4303880\,@,2020-03-18,2020-03-18,2020-03-18,ACT,NULL,NULL,NULL,NULL
5,\ACT\UMLS_C0031437\SNOMED_3947185011\UMLS_C0022885\SNOMED_430304001\LOINC_94510-5\,SARS-CoV-2 N gene (quantitative) (LOINC:94510-5),N,FA ,NULL,LOINC:94310-5,NULL,concept_cd,concept_dimension,concept_path,N,LIKE,\ACT\UMLS_C0031437\SNOMED_3947185011\UMLS_C0022885\UMLS_C0521094\,NULL,\ACT\UMLS_C0031437\SNOMED_3947185011\UMLS_C0022885\SNOMED_430304001\LOINC_94510-5\,@,2020-03-18,2020-03-18,2020-03-18,ACT,NULL,NULL,NULL,NULL
4,\ACT\UMLS_C0031437\SNOMED_3947185011\UMLS_C0022885\UMLS_C1444714\,ANY Confirmed Positive Lab Test,N,LA ,NULL,UMLS:C1444714,NULL,concept_cd,concept_dimension,concept_path,T,LIKE,\ACT\UMLS_C0031437\SNOMED_3947185011\UMLS_C0022885\UMLS_C1444714\,NULL,\ACT\UMLS_C0031437\SNOMED_3947185011\UMLS_C0022885\UMLS_C1444714\,@,2020-03-18,2020-03-18,2020-03-18,ACT,NULL,NULL,NULL,NULL
3,\ACT\UMLS_C0031437\SNOMED_3947185011\UMLS_C0037088\,COVID-19 Signs and Symptoms,N,FA ,NULL,UMLS:C0037088,NULL,concept_cd,concept_dimension,concept_path,T,LIKE,\ACT\UMLS_C0031437\SNOMED_3947185011\UMLS_C0037088\,NULL,\ACT\UMLS_C0031437\SNOMED_3947185011\UMLS_C0037088\,@,2020-03-18,2020-03-18,2020-03-18,ACT,NULL,NULL,NULL,NULL
4,\ACT\UMLS_C0031437\SNOMED_3947185011\UMLS_C0037088\UMLS_C078147\,General Symptoms of Suspected COVID-19,N,FA ,NULL,UMLS:C0478147,NULL,concept_cd,concept_dimension,concept_path,T,LIKE,\ACT\UMLS_C0031437\SNOMED_3947185011\UMLS_C0037088\UMLS_C078147\,NULL,\ACT\UMLS_C0031437\SNOMED_3947185011\UMLS_C0037088\UMLS_C078147\,@,2020-03-18,2020-03-18,2020-03-18,ACT,NULL,NULL,NULL,NULL
5,\ACT\UMLS_C0031437\SNOMED_3947185011\UMLS_C0037088\UMLS_C078147\ICD10CM_R06.02\,Shortness of breath,N,LA ,NULL,ICD10CM:R06.02,NULL,concept_cd,concept_dimension,concept_path,T,LIKE,\ACT\UMLS_C0031437\SNOMED_3947185011\UMLS_C0037088\UMLS_C078147\ICD10CM_R06.02\,NULL,\ACT\UMLS_C0031437\SNOMED_3947185011\UMLS_C0037088\UMLS_C078147\ICD10CM_R06.02\,@,2020-03-18,2020-03-18,2020-03-18,ACT,NULL,NULL,NULL,NULL
5,\ACT\UMLS_C0031437\SNOMED_3947185011\UMLS_C0037088\UMLS_C078147\ICD10CM_R50.9\,'Fever, unspecified',N,LA ,NULL,ICD10CM:R50.9,NULL,concept_cd,concept_dimension,concept_path,T,LIKE,\ACT\UMLS_C0031437\SNOMED_3947185011\UMLS_C0037088\UMLS_C078147\ICD10CM_R50.9\,NULL,\ACT\UMLS_C0031437\SNOMED_3947185011\UMLS_C0037088\UMLS_C078147\ICD10CM_R50.9\,@,2020-03-18,2020-03-18,2020-03-18,ACT,NULL,NULL,NULL,NULL
4,\ACT\UMLS_C0031437\SNOMED_3947185011\UMLS_C0037088\SNOMED_3947197012\,Symptoms Indicating Probable COVID-19,N,FA ,NULL,SNOMED:3947197012,NULL,concept_cd,concept_dimension,concept_path,T,LIKE,\ACT\UMLS_C0031437\SNOMED_3947185011\UMLS_C0037088\SNOMED_3947197012\,NULL,\ACT\UMLS_C0031437\SNOMED_3947185011\UMLS_C0037088\SNOMED_3947197012\,@,2020-03-18,2020-03-18,2020-03-18,ACT,NULL,NULL,NULL,NULL
5,\ACT\UMLS_C0031437\SNOMED_3947185011\UMLS_C0037088\SNOMED_3947197012\ICD10CM_J12.89\,Other viral pneumonia,N,LA ,NULL,ICD10CM:J12.89,NULL,concept_cd,concept_dimension,concept_path,T,LIKE,\ACT\UMLS_C0031437\SNOMED_3947185011\UMLS_C0037088\SNOMED_3947197012\ICD10CM_J12.89\,NULL,\ACT\UMLS_C0031437\SNOMED_3947185011\UMLS_C0037088\SNOMED_3947197012\ICD10CM_J12.89\,@,2020-03-18,2020-03-18,2020-03-18,ACT,NULL,NULL,NULL,NULL
5,\ACT\UMLS_C0031437\SNOMED_3947185011\UMLS_C0037088\SNOMED_3947197012\ICD10CM_J20.8\,Acute bronchitis due to other specified organisms,N,LA ,NULL,ICD10CM:J20.8,NULL,concept_cd,concept_dimension,concept_path,T,LIKE,\ACT\UMLS_C0031437\SNOMED_3947185011\UMLS_C0037088\SNOMED_3947197012\ICD10CM_J20.8\,NULL,\ACT\UMLS_C0031437\SNOMED_3947185011\UMLS_C0037088\SNOMED_3947197012\ICD10CM_J20.8\,@,2020-03-18,2020-03-18,2020-03-18,ACT,NULL,NULL,NULL,NULL
5,\ACT\UMLS_C0031437\SNOMED_3947185011\UMLS_C0037088\SNOMED_3947197012\ICD10_J40\,'Bronchitis, not specified as acute or chronic',N,LA ,NULL,ICD10CM:J40,NULL,concept_cd,concept_dimension,concept_path,T,LIKE,\ACT\UMLS_C0031437\SNOMED_3947185011\UMLS_C0037088\SNOMED_3947197012\ICD10_J40\,NULL,\ACT\UMLS_C0031437\SNOMED_3947185011\UMLS_C0037088\SNOMED_3947197012\ICD10_J40\,@,2020-03-18,2020-03-18,2020-03-18,ACT,NULL,NULL,NULL,NULL
5,\ACT\UMLS_C0031437\SNOMED_3947185011\UMLS_C0037088\SNOMED_3947197012\ICD10CM_J22\,Unspecified acute lower respiratory infection,N,LA ,NULL,ICD10CM:J22,NULL,concept_cd,concept_dimension,concept_path,T,LIKE,\ACT\UMLS_C0031437\SNOMED_3947185011\UMLS_C0037088\SNOMED_3947197012\ICD10CM_J22\,NULL,\ACT\UMLS_C0031437\SNOMED_3947185011\UMLS_C0037088\SNOMED_3947197012\ICD10CM_J22\,@,2020-03-18,2020-03-18,2020-03-18,ACT,NULL,NULL,NULL,NULL
5,\ACT\UMLS_C0031437\SNOMED_3947185011\UMLS_C0037088\SNOMED_3947197012\ICD10CM_J98.8\,Other specified respiratory disorders,N,LA ,NULL,ICD10CM:J98.8,NULL,concept_cd,concept_dimension,concept_path,T,LIKE,\ACT\UMLS_C0031437\SNOMED_3947185011\UMLS_C0037088\SNOMED_3947197012\ICD10CM_J98.8\,NULL,\ACT\UMLS_C0031437\SNOMED_3947185011\UMLS_C0037088\SNOMED_3947197012\ICD10CM_J98.8\,@,2020-03-18,2020-03-18,2020-03-18,ACT,NULL,NULL,NULL,NULL
5,\ACT\UMLS_C0031437\SNOMED_3947185011\UMLS_C0037088\SNOMED_3947197012\ICD10CM_J80\,Acute respiratory distress syndrome,N,LA ,NULL,ICD10CM:J80,NULL,concept_cd,concept_dimension,concept_path,T,LIKE,\ACT\UMLS_C0031437\SNOMED_3947185011\UMLS_C0037088\SNOMED_3947197012\ICD10CM_J80\,NULL,\ACT\UMLS_C0031437\SNOMED_3947185011\UMLS_C0037088\SNOMED_3947197012\ICD10CM_J80\,@,2020-03-18,2020-03-18,2020-03-18,ACT,NULL,NULL,NULL,NULL
4,\ACT\UMLS_C0031437\SNOMED_3947185011\UMLS_C0037088\SNOMED_3947183016\,Diagnosis Indicating Confirmed COVID-19,N,FA ,NULL,NULL,NULL,concept_cd,concept_dimension,concept_path,T,LIKE,\ACT\UMLS_C0031437\SNOMED_3947185011\UMLS_C0037088\SNOMED_3947183016\,NULL,\ACT\UMLS_C0031437\SNOMED_3947185011\UMLS_C0037088\SNOMED_3947183016\,@,2020-03-18,2020-03-18,2020-03-18,ACT,NULL,NULL,NULL,NULL
5,\ACT\UMLS_C0031437\SNOMED_3947185011\UMLS_C0037088\SNOMED_3947183016\ICD10CM_B97.29\,Other coronavirus as the cause of diseases classified elsewhere (For confirmed diagnosis use with any code from Probable Symptoms),N,LA ,NULL,ICD10CM:B97.29,NULL,concept_cd,concept_dimension,concept_path,T,LIKE,\ACT\UMLS_C0031437\SNOMED_3947185011\UMLS_C0037088\SNOMED_3947197012\ICD10CM_B97.29\,NULL,\ACT\UMLS_C0031437\SNOMED_3947185011\UMLS_C0037088\SNOMED_3947183016\ICD10CM_B97.29\,@,2020-03-18,2020-03-18,2020-03-18,ACT,NULL,NULL,NULL,NULL
5,\ACT\UMLS_C0031437\SNOMED_3947185011\UMLS_C0037088\SNOMED_3947183016\ICD10CM_U07.1\,2019-nCoV acute respiratory disease (Effective Oct. 2020),N,LA ,NULL,ICD10CM:U07.1,NULL,concept_cd,concept_dimension,concept_path,T,LIKE,\ACT\UMLS_C0031437\SNOMED_3947185011\UMLS_C0037088\SNOMED_3947197012\ICD10CM_U07.1\,NULL,\ACT\UMLS_C0031437\SNOMED_3947185011\UMLS_C0037088\SNOMED_3947183016\ICD10CM_U07.1\,@,2020-03-18,2020-03-18,2020-03-18,ACT,NULL,NULL,NULL,NULL
3,\ACT\UMLS_C0031437\SNOMED_3947185011\UMLS_C0087111\,COVID-19 Therapeutic and Preventive Treatment,N,FA ,NULL,UMLS:C0037088,NULL,concept_cd,concept_dimension,concept_path,T,LIKE,\ACT\UMLS_C0031437\SNOMED_3947185011\UMLS_C0037088\,NULL,\ACT\UMLS_C0031437\SNOMED_3947185011\UMLS_C0087111\,@,2020-03-18,2020-03-18,2020-03-18,ACT,NULL,NULL,NULL,NULL
4,\ACT\UMLS_C0031437\SNOMED_3947185011\UMLS_C0087111\UMLS_C0013227\,Medications,N,FA ,NULL,UMLS:C0478147,NULL,concept_cd,concept_dimension,concept_path,T,LIKE,\ACT\UMLS_C0031437\SNOMED_3947185011\UMLS_C0087111\UMLS_C0013227\,NULL,\ACT\UMLS_C0031437\SNOMED_3947185011\UMLS_C0087111\UMLS_C0013227\,@,2020-03-18,2020-03-18,2020-03-18,ACT,NULL,NULL,NULL,NULL
5,\ACT\UMLS_C0031437\SNOMED_3947185011\UMLS_C0087111\UMLS_C0013227\UMLS_C0003451\,Antiviral,N,FA ,NULL,UMLS:C0003451,NULL,concept_cd,concept_dimension,concept_path,T,LIKE,\ACT\UMLS_C0031437\SNOMED_3947185011\UMLS_C0087111\UMLS_C0013227\UMLS_C0003451\,NULL,\ACT\UMLS_C0031437\SNOMED_3947185011\UMLS_C0087111\UMLS_C0013227\UMLS_C0003451\,@,2020-03-18,2020-03-18,2020-03-18,ACT,NULL,NULL,NULL,NULL
4,\ACT\UMLS_C0031437\SNOMED_3947185011\UMLS_C0087111\UMLS_C0042196\,Vaccinations,N,FA ,NULL,UMLS:C0478147,NULL,concept_cd,concept_dimension,concept_path,T,LIKE,\ACT\UMLS_C0031437\SNOMED_3947185011\UMLS_C0087111\UMLS_C0042196\,NULL,\ACT\UMLS_C0031437\SNOMED_3947185011\UMLS_C0087111\UMLS_C0042196\,@,2020-03-18,2020-03-18,2020-03-18,ACT,NULL,NULL,NULL,NULL
5,\ACT\UMLS_C0031437\SNOMED_3947185011\UMLS_C0022885\SNOMED_430304001\LOINC_94311-8\,'SARS-CoV-2 N gene (quantitative, CDC primer-probe set N1) (LOINC:94311-8)',N,FA ,NULL,LOINC:94311-8,NULL,concept_cd,concept_dimension,concept_path,N,LIKE,\ACT\UMLS_C0031437\SNOMED_3947185011\UMLS_C0022885\UMLS_C0521094\,NULL,\ACT\UMLS_C0031437\SNOMED_3947185011\UMLS_C0022885\SNOMED_430304001\LOINC_94311-8\,@,2020-03-18,2020-03-18,2020-03-18,ACT,NULL,NULL,NULL,NULL
5,\ACT\UMLS_C0031437\SNOMED_3947185011\UMLS_C0022885\SNOMED_430304001\LOINC_94312-6\,'SARS-CoV-2 N gene (quantitative, CDC primer-probe set N2) (LOINC:94312-6)',N,FA ,NULL,LOINC:94312-6,NULL,concept_cd,concept_dimension,concept_path,N,LIKE,\ACT\UMLS_C0031437\SNOMED_3947185011\UMLS_C0022885\UMLS_C0521094\,NULL,\ACT\UMLS_C0031437\SNOMED_3947185011\UMLS_C0022885\SNOMED_430304001\LOINC_94312-6\,@,2020-03-18,2020-03-18,2020-03-18,ACT,NULL,NULL,NULL,NULL
5,\ACT\UMLS_C0031437\SNOMED_3947185011\UMLS_C0022885\SNOMED_430304001\LOINC_94315-9\,SARS-CoV-2 E gene (qualitative) (LOINC:94315-9),N,FA ,NULL,LOINC:94315-9,NULL,concept_cd,concept_dimension,concept_path,T,LIKE,\ACT\UMLS_C0031437\SNOMED_3947185011\UMLS_C0022885\UMLS_C0521094\,NULL,\ACT\UMLS_C0031437\SNOMED_3947185011\UMLS_C0022885\SNOMED_430304001\LOINC_94315-9\,@,2020-03-18,2020-03-18,2020-03-18,ACT,NULL,NULL,NULL,NULL
5,\ACT\UMLS_C0031437\SNOMED_3947185011\UMLS_C0022885\SNOMED_430304001\LOINC_94509-7\,SARS-CoV-2 E gene (quantitative) (LOINC:94509-7),N,FA ,NULL,LOINC:94509-7,NULL,concept_cd,concept_dimension,concept_path,N,LIKE,\ACT\UMLS_C0031437\SNOMED_3947185011\UMLS_C0022885\UMLS_C0521094\,NULL,\ACT\UMLS_C0031437\SNOMED_3947185011\UMLS_C0022885\SNOMED_430304001\LOINC_94509-7\,@,2020-03-18,2020-03-18,2020-03-18,ACT,NULL,NULL,NULL,NULL
5,\ACT\UMLS_C0031437\SNOMED_3947185011\UMLS_C0022885\SNOMED_430304001\LOINC_94314-2\,SARS-CoV-2 RdRp gene (qualitative) (LOINC:94314-2),N,FA ,NULL,LOINC:94314-2,NULL,concept_cd,concept_dimension,concept_path,T,LIKE,\ACT\UMLS_C0031437\SNOMED_3947185011\UMLS_C0022885\UMLS_C0521094\,NULL,\ACT\UMLS_C0031437\SNOMED_3947185011\UMLS_C0022885\SNOMED_430304001\LOINC_94314-2\,@,2020-03-18,2020-03-18,2020-03-18,ACT,NULL,NULL,NULL,NULL
5,\ACT\UMLS_C0031437\SNOMED_3947185011\UMLS_C0022885\SNOMED_430304001\LOINC_94511-3\,SARS-CoV-2 Orf1ab region (quantitative) (LOINC:94511-3),N,FA ,NULL,LOINC:94511-3,NULL,concept_cd,concept_dimension,concept_path,N,LIKE,\ACT\UMLS_C0031437\SNOMED_3947185011\UMLS_C0022885\UMLS_C0521094\,NULL,\ACT\UMLS_C0031437\SNOMED_3947185011\UMLS_C0022885\SNOMED_430304001\LOINC_94511-3\,@,2020-03-18,2020-03-18,2020-03-18,ACT,NULL,NULL,NULL,NULL
5,\ACT\UMLS_C0031437\SNOMED_3947185011\UMLS_C0022885\SNOMED_430304001\LOINC_94310-0\,SARS-like CoV N gene (qualitative) (LOINC:94310-0),N,FA ,NULL,LOINC:94310-0,NULL,concept_cd,concept_dimension,concept_path,T,LIKE,\ACT\UMLS_C0031437\SNOMED_3947185011\UMLS_C0022885\UMLS_C0521094\,NULL,\ACT\UMLS_C0031437\SNOMED_3947185011\UMLS_C0022885\SNOMED_430304001\LOINC_94310-0\,@,2020-03-18,2020-03-18,2020-03-18,ACT,NULL,NULL,NULL,NULL
5,\ACT\UMLS_C0031437\SNOMED_3947185011\UMLS_C0022885\SNOMED_430304001\LOINC_94313-4\,SARS-like CoV N gene (quantitative) (LOINC:94313-4),N,FA ,NULL,LOINC:94313-4,NULL,concept_cd,concept_dimension,concept_path,N,LIKE,\ACT\UMLS_C0031437\SNOMED_3947185011\UMLS_C0022885\UMLS_C0521094\,NULL,\ACT\UMLS_C0031437\SNOMED_3947185011\UMLS_C0022885\SNOMED_430304001\LOINC_94313-4\,@,2020-03-18,2020-03-18,2020-03-18,ACT,NULL,NULL,NULL,NULL
4,\ACT\UMLS_C0031437\SNOMED_3947185011\UMLS_C0022885\SNOMED_120646007\,SARS-CoV-2 Antibodies,N,FA ,NULL,NULL,NULL,concept_cd,concept_dimension,concept_path,T,LIKE,\ACT\UMLS_C0031437\SNOMED_3947185011\UMLS_C0022885\UMLS_C0521094\,NULL,\ACT\UMLS_C0031437\SNOMED_3947185011\UMLS_C0022885\SNOMED_120646007\,@,2020-03-18,2020-03-18,2020-03-18,ACT,NULL,NULL,NULL,NULL
5,\ACT\UMLS_C0031437\SNOMED_3947185011\UMLS_C0022885\SNOMED_120646007\LOINC_94507-1\,SARS-CoV-2 IgG (qualitative) (LOINC:94507-1),N,FA ,NULL,LOINC:94507-1,NULL,concept_cd,concept_dimension,concept_path,T,LIKE,\ACT\UMLS_C0031437\SNOMED_3947185011\UMLS_C0022885\UMLS_C0521094\,NULL,\ACT\UMLS_C0031437\SNOMED_3947185011\UMLS_C0022885\SNOMED_120646007\LOINC_94507-1\,@,2020-03-18,2020-03-18,2020-03-18,ACT,NULL,NULL,NULL,NULL
5,\ACT\UMLS_C0031437\SNOMED_3947185011\UMLS_C0022885\SNOMED_120646007\LOINC_94505-5\,SARS-CoV-2 IgG (quantitative) (LOINC:94505-5),N,FA ,NULL,LOINC:94505-5,NULL,concept_cd,concept_dimension,concept_path,N,LIKE,\ACT\UMLS_C0031437\SNOMED_3947185011\UMLS_C0022885\UMLS_C0521094\,NULL,\ACT\UMLS_C0031437\SNOMED_3947185011\UMLS_C0022885\SNOMED_120646007\LOINC_94505-5\,@,2020-03-18,2020-03-18,2020-03-18,ACT,NULL,NULL,NULL,NULL
5,\ACT\UMLS_C0031437\SNOMED_3947185011\UMLS_C0022885\SNOMED_120646007\LOINC_94508-9\,SARS-CoV-2 IgM (qualitative) (LOINC:94508-9),N,FA ,NULL,LOINC:94508-9,NULL,concept_cd,concept_dimension,concept_path,T,LIKE,\ACT\UMLS_C0031437\SNOMED_3947185011\UMLS_C0022885\UMLS_C0521094\,NULL,\ACT\UMLS_C0031437\SNOMED_3947185011\UMLS_C0022885\SNOMED_120646007\LOINC_94508-9\,@,2020-03-18,2020-03-18,2020-03-18,ACT,NULL,NULL,NULL,NULL
5,\ACT\UMLS_C0031437\SNOMED_3947185011\UMLS_C0022885\SNOMED_120646007\LOINC_94506-3\,SARS-CoV-2 IgM (quantitative) (LOINC:94506-3),N,FA ,NULL,LOINC:94506-3,NULL,concept_cd,concept_dimension,concept_path,N,LIKE,\ACT\UMLS_C0031437\SNOMED_3947185011\UMLS_C0022885\UMLS_C0521094\,NULL,\ACT\UMLS_C0031437\SNOMED_3947185011\UMLS_C0022885\SNOMED_120646007\LOINC_94506-3\,@,2020-03-18,2020-03-18,2020-03-18,ACT,NULL,NULL,NULL,NULL
5,\ACT\UMLS_C0031437\SNOMED_3947185011\UMLS_C0022885\SNOMED_120646007\LOINC_94547-7\,SARS-CoV-2 IgG + IgM (LOINC:94547-7),N,FA ,NULL,LOINC:94547-7,NULL,concept_cd,concept_dimension,concept_path,T,LIKE,\ACT\UMLS_C0031437\SNOMED_3947185011\UMLS_C0022885\UMLS_C0521094\,NULL,\ACT\UMLS_C0031437\SNOMED_3947185011\UMLS_C0022885\SNOMED_120646007\LOINC_94547-7\,@,2020-03-18,2020-03-18,2020-03-18,ACT,NULL,NULL,NULL,NULL
6,\ACT\UMLS_C0031437\SNOMED_3947185011\UMLS_C0022885\SNOMED_258603007\LOINC_94500-6\LOINC:94500-6 POSITIVE\,LOINC:94500-6 POSITIVE,N,LA ,NULL,LOINC:94500-6 POSITIVE,NULL,concept_cd,concept_dimension,concept_path,T,LIKE,\ACT\UMLS_C0031437\SNOMED_3947185011\UMLS_C0022885\LOINC_94307-6\,NULL,\ACT\UMLS_C0031437\SNOMED_3947185011\UMLS_C0022885\SNOMED_258603007\LOINC_94500-6\LOINC:94500-6 POSITIVE\,@,2020-03-18,2020-03-18,2020-03-18,ACT,NULL,NULL,NULL,NULL
6,\ACT\UMLS_C0031437\SNOMED_3947185011\UMLS_C0022885\SNOMED_258603007\LOINC_94533-7\LOINC:94533-7 POSITIVE\,LOINC:94533-7 POSITIVE,N,LA ,NULL,LOINC:94533-7 POSITIVE,NULL,concept_cd,concept_dimension,concept_path,T,LIKE,\ACT\UMLS_C0031437\SNOMED_3947185011\UMLS_C0022885\LOINC_94308-4\,NULL,\ACT\UMLS_C0031437\SNOMED_3947185011\UMLS_C0022885\SNOMED_258603007\LOINC_94533-7\LOINC:94533-7 POSITIVE\,@,2020-03-18,2020-03-18,2020-03-18,ACT,NULL,NULL,NULL,NULL
6,\ACT\UMLS_C0031437\SNOMED_3947185011\UMLS_C0022885\SNOMED_430304001\LOINC_94307-6\LOINC:94307-6 POSITIVE\,LOINC:94307-6 POSITIVE,N,LA ,NULL,LOINC:94307-6 POSITIVE,NULL,concept_cd,concept_dimension,concept_path,T,LIKE,\ACT\UMLS_C0031437\SNOMED_3947185011\UMLS_C0022885\LOINC_94315-9\,NULL,\ACT\UMLS_C0031437\SNOMED_3947185011\UMLS_C0022885\SNOMED_430304001\LOINC_94307-6\LOINC:94307-6 POSITIVE\,@,2020-03-18,2020-03-18,2020-03-18,ACT,NULL,NULL,NULL,NULL
6,\ACT\UMLS_C0031437\SNOMED_3947185011\UMLS_C0022885\SNOMED_258603007\LOINC_94534-5\LOINC:94534-5 POSITIVE\,LOINC:94534-5 POSITIVE,N,LA ,NULL,LOINC:94534-5 POSITIVE,NULL,concept_cd,concept_dimension,concept_path,T,LIKE,\ACT\UMLS_C0031437\SNOMED_3947185011\UMLS_C0022885\LOINC_94309-2\,NULL,\ACT\UMLS_C0031437\SNOMED_3947185011\UMLS_C0022885\SNOMED_258603007\LOINC_94534-5\LOINC:94534-5 POSITIVE\,@,2020-03-18,2020-03-18,2020-03-18,ACT,NULL,NULL,NULL,NULL
6,\ACT\UMLS_C0031437\SNOMED_3947185011\UMLS_C0022885\SNOMED_258603007\LOINC_94532-9\LOINC:94532-9 POSITIVE\,LOINC:94532-9 POSITIVE,N,LA ,NULL,LOINC:94532-9 POSITIVE,NULL,concept_cd,concept_dimension,concept_path,T,LIKE,\ACT\UMLS_C0031437\SNOMED_3947185011\UMLS_C0022885\LOINC_94310-0\,NULL,\ACT\UMLS_C0031437\SNOMED_3947185011\UMLS_C0022885\SNOMED_258603007\LOINC_94532-9\LOINC:94532-9 POSITIVE\,@,2020-03-18,2020-03-18,2020-03-18,ACT,NULL,NULL,NULL,NULL
6,\ACT\UMLS_C0031437\SNOMED_3947185011\UMLS_C0022885\SNOMED_258603007\LOINC_94502-2\LOINC:94502-2 POSITIVE\,LOINC:94502-2 POSITIVE,N,LA ,NULL,LOINC:94502-2 POSITIVE,NULL,concept_cd,concept_dimension,concept_path,T,LIKE,\ACT\UMLS_C0031437\SNOMED_3947185011\UMLS_C0022885\LOINC_94311-8\,NULL,\ACT\UMLS_C0031437\SNOMED_3947185011\UMLS_C0022885\SNOMED_258603007\LOINC_94502-2\LOINC:94502-2 POSITIVE\,@,2020-03-18,2020-03-18,2020-03-18,ACT,NULL,NULL,NULL,NULL
6,\ACT\UMLS_C0031437\SNOMED_3947185011\UMLS_C0022885\SNOMED_430304001\LOINC_94309-2\LOINC:94309-2 POSITIVE\,LOINC:94309-2 POSITIVE,N,LA ,NULL,LOINC:94309-2 POSITIVE,NULL,concept_cd,concept_dimension,concept_path,T,LIKE,\ACT\UMLS_C0031437\SNOMED_3947185011\UMLS_C0022885\LOINC_94313-4\,NULL,\ACT\UMLS_C0031437\SNOMED_3947185011\UMLS_C0022885\SNOMED_430304001\LOINC_94309-2\LOINC:94309-2 POSITIVE\,@,2020-03-18,2020-03-18,2020-03-18,ACT,NULL,NULL,NULL,NULL
6,\ACT\UMLS_C0031437\SNOMED_3947185011\UMLS_C0022885\SNOMED_430304001\LOINC_94316-7\LOINC:94316-7 POSITIVE\,LOINC:94316-7 POSITIVE,N,LA ,NULL,LOINC:94316-7 POSITIVE,NULL,concept_cd,concept_dimension,concept_path,T,LIKE,\ACT\UMLS_C0031437\SNOMED_3947185011\UMLS_C0022885\LOINC_94314-2\,NULL,\ACT\UMLS_C0031437\SNOMED_3947185011\UMLS_C0022885\SNOMED_430304001\LOINC_94316-7\LOINC:94316-7 POSITIVE\,@,2020-03-18,2020-03-18,2020-03-18,ACT,NULL,NULL,NULL,NULL
6,\ACT\UMLS_C0031437\SNOMED_3947185011\UMLS_C0022885\SNOMED_430304001\LOINC_94308-4\LOINC:94308-4 POSITIVE\,LOINC:94308-4 POSITIVE,N,LA ,NULL,LOINC:94308-4 POSITIVE,NULL,concept_cd,concept_dimension,concept_path,T,LIKE,\ACT\UMLS_C0031437\SNOMED_3947185011\UMLS_C0022885\LOINC_94316-7\,NULL,\ACT\UMLS_C0031437\SNOMED_3947185011\UMLS_C0022885\SNOMED_430304001\LOINC_94308-4\LOINC:94308-4 POSITIVE\,@,2020-03-18,2020-03-18,2020-03-18,ACT,NULL,NULL,NULL,NULL
6,\ACT\UMLS_C0031437\SNOMED_3947185011\UMLS_C0022885\SNOMED_430304001\LOINC_94510-5\LOINC:94310-5 POSITIVE\,LOINC:94310-5 POSITIVE,N,LA ,NULL,LOINC:94310-5 POSITIVE,NULL,concept_cd,concept_dimension,concept_path,T,LIKE,\ACT\UMLS_C0031437\SNOMED_3947185011\UMLS_C0022885\UMLS_C0521094\,NULL,\ACT\UMLS_C0031437\SNOMED_3947185011\UMLS_C0022885\SNOMED_430304001\LOINC_94510-5\LOINC:94310-5 POSITIVE\,@,2020-03-18,2020-03-18,2020-03-18,ACT,NULL,NULL,NULL,NULL
6,\ACT\UMLS_C0031437\SNOMED_3947185011\UMLS_C0022885\SNOMED_430304001\LOINC_94311-8\LOINC:94311-8 POSITIVE\,LOINC:94311-8 POSITIVE,N,LA ,NULL,LOINC:94311-8 POSITIVE,NULL,concept_cd,concept_dimension,concept_path,T,LIKE,\ACT\UMLS_C0031437\SNOMED_3947185011\UMLS_C0022885\UMLS_C0521094\,NULL,\ACT\UMLS_C0031437\SNOMED_3947185011\UMLS_C0022885\SNOMED_430304001\LOINC_94311-8\LOINC:94311-8 POSITIVE\,@,2020-03-18,2020-03-18,2020-03-18,ACT,NULL,NULL,NULL,NULL
6,\ACT\UMLS_C0031437\SNOMED_3947185011\UMLS_C0022885\SNOMED_430304001\LOINC_94315-9\LOINC:94315-9 POSITIVE\,LOINC:94315-9 POSITIVE,N,LA ,NULL,LOINC:94315-9 POSITIVE,NULL,concept_cd,concept_dimension,concept_path,T,LIKE,\ACT\UMLS_C0031437\SNOMED_3947185011\UMLS_C0022885\UMLS_C0521094\,NULL,\ACT\UMLS_C0031437\SNOMED_3947185011\UMLS_C0022885\SNOMED_430304001\LOINC_94315-9\LOINC:94315-9 POSITIVE\,@,2020-03-18,2020-03-18,2020-03-18,ACT,NULL,NULL,NULL,NULL
6,\ACT\UMLS_C0031437\SNOMED_3947185011\UMLS_C0022885\SNOMED_430304001\LOINC_94509-7\LOINC:94509-7 POSITIVE\,LOINC:94509-7 POSITIVE,N,LA ,NULL,LOINC:94509-7 POSITIVE,NULL,concept_cd,concept_dimension,concept_path,T,LIKE,\ACT\UMLS_C0031437\SNOMED_3947185011\UMLS_C0022885\UMLS_C0521094\,NULL,\ACT\UMLS_C0031437\SNOMED_3947185011\UMLS_C0022885\SNOMED_430304001\LOINC_94509-7\LOINC:94509-7 POSITIVE\,@,2020-03-18,2020-03-18,2020-03-18,ACT,NULL,NULL,NULL,NULL
6,\ACT\UMLS_C0031437\SNOMED_3947185011\UMLS_C0022885\SNOMED_430304001\LOINC_94314-2\LOINC:94314-2 POSITIVE\,LOINC:94314-2 POSITIVE,N,LA ,NULL,LOINC:94314-2 POSITIVE,NULL,concept_cd,concept_dimension,concept_path,T,LIKE,\ACT\UMLS_C0031437\SNOMED_3947185011\UMLS_C0022885\UMLS_C0521094\,NULL,\ACT\UMLS_C0031437\SNOMED_3947185011\UMLS_C0022885\SNOMED_430304001\LOINC_94314-2\LOINC:94314-2 POSITIVE\,@,2020-03-18,2020-03-18,2020-03-18,ACT,NULL,NULL,NULL,NULL
6,\ACT\UMLS_C0031437\SNOMED_3947185011\UMLS_C0022885\SNOMED_430304001\LOINC_94511-3\LOINC:94511-3 POSITIVE\,LOINC:94511-3 POSITIVE,N,LA ,NULL,LOINC:94511-3 POSITIVE,NULL,concept_cd,concept_dimension,concept_path,T,LIKE,\ACT\UMLS_C0031437\SNOMED_3947185011\UMLS_C0022885\UMLS_C0521094\,NULL,\ACT\UMLS_C0031437\SNOMED_3947185011\UMLS_C0022885\SNOMED_430304001\LOINC_94511-3\LOINC:94511-3 POSITIVE\,@,2020-03-18,2020-03-18,2020-03-18,ACT,NULL,NULL,NULL,NULL
6,\ACT\UMLS_C0031437\SNOMED_3947185011\UMLS_C0022885\SNOMED_430304001\LOINC_94310-0\LOINC:94310-0 POSITIVE\,LOINC:94310-0 POSITIVE,N,LA ,NULL,LOINC:94310-0 POSITIVE,NULL,concept_cd,concept_dimension,concept_path,T,LIKE,\ACT\UMLS_C0031437\SNOMED_3947185011\UMLS_C0022885\UMLS_C0521094\,NULL,\ACT\UMLS_C0031437\SNOMED_3947185011\UMLS_C0022885\SNOMED_430304001\LOINC_94310-0\LOINC:94310-0 POSITIVE\,@,2020-03-18,2020-03-18,2020-03-18,ACT,NULL,NULL,NULL,NULL
6,\ACT\UMLS_C0031437\SNOMED_3947185011\UMLS_C0022885\SNOMED_430304001\LOINC_94313-4\LOINC:94313-4 POSITIVE\,LOINC:94313-4 POSITIVE,N,LA ,NULL,LOINC:94313-4 POSITIVE,NULL,concept_cd,concept_dimension,concept_path,T,LIKE,\ACT\UMLS_C0031437\SNOMED_3947185011\UMLS_C0022885\UMLS_C0521094\,NULL,\ACT\UMLS_C0031437\SNOMED_3947185011\UMLS_C0022885\SNOMED_430304001\LOINC_94313-4\LOINC:94313-4 POSITIVE\,@,2020-03-18,2020-03-18,2020-03-18,ACT,NULL,NULL,NULL,NULL
6,\ACT\UMLS_C0031437\SNOMED_3947185011\UMLS_C0022885\SNOMED_120646007\LOINC_94507-1\LOINC:94507-1 POSITIVE\,LOINC:94507-1 POSITIVE,N,LA ,NULL,LOINC:94507-1 POSITIVE,NULL,concept_cd,concept_dimension,concept_path,T,LIKE,\ACT\UMLS_C0031437\SNOMED_3947185011\UMLS_C0022885\UMLS_C0521094\,NULL,\ACT\UMLS_C0031437\SNOMED_3947185011\UMLS_C0022885\SNOMED_120646007\LOINC_94507-1\LOINC:94507-1 POSITIVE\,@,2020-03-18,2020-03-18,2020-03-18,ACT,NULL,NULL,NULL,NULL
6,\ACT\UMLS_C0031437\SNOMED_3947185011\UMLS_C0022885\SNOMED_120646007\LOINC_94505-5\LOINC:94505-5 POSITIVE\,LOINC:94505-5 POSITIVE,N,LA ,NULL,LOINC:94505-5 POSITIVE,NULL,concept_cd,concept_dimension,concept_path,T,LIKE,\ACT\UMLS_C0031437\SNOMED_3947185011\UMLS_C0022885\UMLS_C0521094\,NULL,\ACT\UMLS_C0031437\SNOMED_3947185011\UMLS_C0022885\SNOMED_120646007\LOINC_94505-5\LOINC:94505-5 POSITIVE\,@,2020-03-18,2020-03-18,2020-03-18,ACT,NULL,NULL,NULL,NULL
6,\ACT\UMLS_C0031437\SNOMED_3947185011\UMLS_C0022885\SNOMED_120646007\LOINC_94508-9\LOINC:94508-9 POSITIVE\,LOINC:94508-9 POSITIVE,N,LA ,NULL,LOINC:94508-9 POSITIVE,NULL,concept_cd,concept_dimension,concept_path,T,LIKE,\ACT\UMLS_C0031437\SNOMED_3947185011\UMLS_C0022885\UMLS_C0521094\,NULL,\ACT\UMLS_C0031437\SNOMED_3947185011\UMLS_C0022885\SNOMED_120646007\LOINC_94508-9\LOINC:94508-9 POSITIVE\,@,2020-03-18,2020-03-18,2020-03-18,ACT,NULL,NULL,NULL,NULL
6,\ACT\UMLS_C0031437\SNOMED_3947185011\UMLS_C0022885\SNOMED_120646007\LOINC_94506-3\LOINC:94506-3 POSITIVE\,LOINC:94506-3 POSITIVE,N,LA ,NULL,LOINC:94506-3 POSITIVE,NULL,concept_cd,concept_dimension,concept_path,T,LIKE,\ACT\UMLS_C0031437\SNOMED_3947185011\UMLS_C0022885\UMLS_C0521094\,NULL,\ACT\UMLS_C0031437\SNOMED_3947185011\UMLS_C0022885\SNOMED_120646007\LOINC_94506-3\LOINC:94506-3 POSITIVE\,@,2020-03-18,2020-03-18,2020-03-18,ACT,NULL,NULL,NULL,NULL
6,\ACT\UMLS_C0031437\SNOMED_3947185011\UMLS_C0022885\SNOMED_120646007\LOINC_94547-7\LOINC:94547-7 POSITIVE\,LOINC:94547-7 POSITIVE,N,LA ,NULL,LOINC:94547-7 POSITIVE,NULL,concept_cd,concept_dimension,concept_path,T,LIKE,\ACT\UMLS_C0031437\SNOMED_3947185011\UMLS_C0022885\UMLS_C0521094\,NULL,\ACT\UMLS_C0031437\SNOMED_3947185011\UMLS_C0022885\SNOMED_120646007\LOINC_94547-7\LOINC:94547-7 POSITIVE\,@,2020-03-18,2020-03-18,2020-03-18,ACT,NULL,NULL,NULL,NULL
6,\ACT\UMLS_C0031437\SNOMED_3947185011\UMLS_C0022885\SNOMED_120646007\LOINC_94505-5\LOINC:94505-5 EQUIVOCAL\,LOINC:94505-5 EQUIVOCAL,N,LA ,NULL,LOINC:94505-5 EQUIVOCAL,NULL,concept_cd,concept_dimension,concept_path,T,LIKE,\ACT\UMLS_C0031437\SNOMED_3947185011\UMLS_C0022885\UMLS_C0521094\,NULL,\ACT\UMLS_C0031437\SNOMED_3947185011\UMLS_C0022885\SNOMED_120646007\LOINC_94505-5\LOINC:94505-5 EQUIVOCAL\,@,2020-03-18,2020-03-18,2020-03-18,ACT,NULL,NULL,NULL,NULL
6,\ACT\UMLS_C0031437\SNOMED_3947185011\UMLS_C0022885\SNOMED_120646007\LOINC_94508-9\LOINC:94508-9 EQUIVOCAL\,LOINC:94508-9 EQUIVOCAL,N,LA ,NULL,LOINC:94508-9 EQUIVOCAL,NULL,concept_cd,concept_dimension,concept_path,T,LIKE,\ACT\UMLS_C0031437\SNOMED_3947185011\UMLS_C0022885\UMLS_C0521094\,NULL,\ACT\UMLS_C0031437\SNOMED_3947185011\UMLS_C0022885\SNOMED_120646007\LOINC_94508-9\LOINC:94508-9 EQUIVOCAL\,@,2020-03-18,2020-03-18,2020-03-18,ACT,NULL,NULL,NULL,NULL
6,\ACT\UMLS_C0031437\SNOMED_3947185011\UMLS_C0022885\SNOMED_120646007\LOINC_94506-3\LOINC:94506-3 EQUIVOCAL\,LOINC:94506-3 EQUIVOCAL,N,LA ,NULL,LOINC:94506-3 EQUIVOCAL,NULL,concept_cd,concept_dimension,concept_path,T,LIKE,\ACT\UMLS_C0031437\SNOMED_3947185011\UMLS_C0022885\UMLS_C0521094\,NULL,\ACT\UMLS_C0031437\SNOMED_3947185011\UMLS_C0022885\SNOMED_120646007\LOINC_94506-3\LOINC:94506-3 EQUIVOCAL\,@,2020-03-18,2020-03-18,2020-03-18,ACT,NULL,NULL,NULL,NULL
6,\ACT\UMLS_C0031437\SNOMED_3947185011\UMLS_C0022885\SNOMED_120646007\LOINC_94547-7\LOINC:94547-7 EQUIVOCAL\,LOINC:94547-7 EQUIVOCAL,N,LA ,NULL,LOINC:94547-7 EQUIVOCAL,NULL,concept_cd,concept_dimension,concept_path,T,LIKE,\ACT\UMLS_C0031437\SNOMED_3947185011\UMLS_C0022885\UMLS_C0521094\,NULL,\ACT\UMLS_C0031437\SNOMED_3947185011\UMLS_C0022885\SNOMED_120646007\LOINC_94547-7\LOINC:94547-7 EQUIVOCAL\,@,2020-03-18,2020-03-18,2020-03-18,ACT,NULL,NULL,NULL,NULL
6,\ACT\UMLS_C0031437\SNOMED_3947185011\UMLS_C0022885\SNOMED_120646007\LOINC_94506-3\LOINC:94506-3 NEGATIVE\,LOINC:94506-3 NEGATIVE,N,LA ,NULL,LOINC:94506-3 NEGATIVE,NULL,concept_cd,concept_dimension,concept_path,T,LIKE,\ACT\UMLS_C0031437\SNOMED_3947185011\UMLS_C0022885\UMLS_C0521094\,NULL,\ACT\UMLS_C0031437\SNOMED_3947185011\UMLS_C0022885\SNOMED_120646007\LOINC_94506-3\LOINC:94506-3 NEGATIVE\,@,2020-03-18,2020-03-18,2020-03-18,ACT,NULL,NULL,NULL,NULL
6,\ACT\UMLS_C0031437\SNOMED_3947185011\UMLS_C0022885\SNOMED_120646007\LOINC_94547-7\LOINC:94547-7 NEGATIVE\,LOINC:94547-7 NEGATIVE,N,LA ,NULL,LOINC:94547-7 NEGATIVE,NULL,concept_cd,concept_dimension,concept_path,T,LIKE,\ACT\UMLS_C0031437\SNOMED_3947185011\UMLS_C0022885\UMLS_C0521094\,NULL,\ACT\UMLS_C0031437\SNOMED_3947185011\UMLS_C0022885\SNOMED_120646007\LOINC_94547-7\LOINC:94547-7 NEGATIVE\,@,2020-03-18,2020-03-18,2020-03-18,ACT,NULL,NULL,NULL,NULL
6,\ACT\UMLS_C0031437\SNOMED_3947185011\UMLS_C0022885\SNOMED_430304001\LOINC_94312-6\LOINC:94312-6 NEGATIVE\,LOINC:94312-6 NEGATIVE,N,LA ,NULL,LOINC:94312-6 NEGATIVE,NULL,concept_cd,concept_dimension,concept_path,T,LIKE,\ACT\UMLS_C0031437\SNOMED_3947185011\UMLS_C0022885\UMLS_C0521094\,NULL,\ACT\UMLS_C0031437\SNOMED_3947185011\UMLS_C0022885\SNOMED_430304001\LOINC_94312-6\LOINC:94312-6 NEGATIVE\,@,2020-03-18,2020-03-18,2020-03-18,ACT,NULL,NULL,NULL,NULL
6,\ACT\UMLS_C0031437\SNOMED_3947185011\UMLS_C0022885\SNOMED_430304001\LOINC_94312-6\LOINC:94312-6 POSITIVE\,LOINC:94312-6 POSITIVE,N,LA ,NULL,LOINC:94312-6 POSITIVE,NULL,concept_cd,concept_dimension,concept_path,T,LIKE,\ACT\UMLS_C0031437\SNOMED_3947185011\UMLS_C0022885\UMLS_C0521094\,NULL,\ACT\UMLS_C0031437\SNOMED_3947185011\UMLS_C0022885\SNOMED_430304001\LOINC_94312-6\LOINC:94312-6 POSITIVE\,@,2020-03-18,2020-03-18,2020-03-18,ACT,NULL,NULL,NULL,NULL
6,\ACT\UMLS_C0031437\SNOMED_3947185011\UMLS_C0022885\SNOMED_430304001\LOINC_94316-7\LOINC:94316-7 NEGATIVE\,LOINC:94316-7 NEGATIVE,N,LA ,NULL,LOINC:94316-7 NEGATIVE,NULL,concept_cd,concept_dimension,concept_path,T,LIKE,\ACT\UMLS_C0031437\SNOMED_3947185011\UMLS_C0022885\LOINC_94314-2\,NULL,\ACT\UMLS_C0031437\SNOMED_3947185011\UMLS_C0022885\SNOMED_430304001\LOINC_94316-7\LOINC:94316-7 NEGATIVE\,@,2020-03-18,2020-03-18,2020-03-18,ACT,NULL,NULL,NULL,NULL
4,\ACT\UMLS_C0031437\SNOMED_3947185011\UMLS_C0022885\UMLS_C1444714\,ANY Negative Lab Test,N,LA ,NULL,UMLS:C1444714,NULL,concept_cd,concept_dimension,concept_path,T,LIKE,\ACT\UMLS_C0031437\SNOMED_3947185011\UMLS_C0022885\UMLS_C1444714\,NULL,\ACT\UMLS_C0031437\SNOMED_3947185011\UMLS_C0022885\UMLS_C1444714\,@,2020-03-18,2020-03-18,2020-03-18,ACT,NULL,NULL,NULL,NULL
5,\ACT\UMLS_C0031437\SNOMED_3947185011\UMLS_C0037088\UMLS_C078147\ICD10CM_R05\,Cough,N,LA ,NULL,ICD10CM:R05,NULL,concept_cd,concept_dimension,concept_path,T,LIKE,\ACT\UMLS_C0031437\SNOMED_3947185011\UMLS_C0037088\UMLS_C078147\ICD10CM_R05\,NULL,\ACT\UMLS_C0031437\SNOMED_3947185011\UMLS_C0037088\UMLS_C078147\ICD10CM_R05\,@,2020-03-18,2020-03-18,2020-03-18,ACT,NULL,NULL,NULL,NULL
5,\ACT\UMLS_C0031437\SNOMED_3947185011\UMLS_C0087111\UMLS_C0013227\UMLS_C0021081\,Immunosuppressants,N,FA ,NULL,UMLS:C0021081,NULL,concept_cd,concept_dimension,concept_path,T,LIKE,\ACT\UMLS_C0031437\SNOMED_3947185011\UMLS_C0087111\UMLS_C0013227\UMLS_C0021081\,NULL,\ACT\UMLS_C0031437\SNOMED_3947185011\UMLS_C0087111\UMLS_C0013227\UMLS_C0021081\,@,2020-03-18,2020-03-18,2020-03-18,ACT,NULL,NULL,NULL,NULL
5,\ACT\UMLS_C0031437\SNOMED_3947185011\UMLS_C0087111\UMLS_C0013227\UMLS_C0003374\,Anti-Malarial,N,FA ,NULL,UMLS:C0003374,NULL,concept_cd,concept_dimension,concept_path,T,LIKE,\ACT\UMLS_C0031437\SNOMED_3947185011\UMLS_C0087111\UMLS_C0013227\UMLS_C0003374\,NULL,\ACT\UMLS_C0031437\SNOMED_3947185011\UMLS_C0087111\UMLS_C0013227\UMLS_C0003374\,@,2020-03-18,2020-03-18,2020-03-18,ACT,NULL,NULL,NULL,NULL
6,\ACT\UMLS_C0031437\SNOMED_3947185011\UMLS_C0087111\UMLS_C0013227\UMLS_C0003451\UMLS_C1138226\,Favipiravir,N,LA ,NULL,UMLS:C1138226,NULL,concept_cd,concept_dimension,concept_path,T,LIKE,\ACT\UMLS_C0031437\SNOMED_3947185011\UMLS_C0087111\UMLS_C0013227\UMLS_C0003451\UMLS:C1138226\,NULL,\ACT\UMLS_C0031437\SNOMED_3947185011\UMLS_C0087111\UMLS_C0013227\UMLS_C0003451\UMLS:C1138226\,@,2020-03-18,2020-03-18,2020-03-18,ACT,NULL,NULL,NULL,NULL
6,\ACT\UMLS_C0031437\SNOMED_3947185011\UMLS_C0087111\UMLS_C0013227\UMLS_C0003451\UMLS_C1138226\,Favilavir,N,LA ,NULL,UMLS:C1138226,NULL,concept_cd,concept_dimension,concept_path,T,LIKE,\ACT\UMLS_C0031437\SNOMED_3947185011\UMLS_C0087111\UMLS_C0013227\UMLS_C0003451\UMLS:C1138226\,NULL,\ACT\UMLS_C0031437\SNOMED_3947185011\UMLS_C0087111\UMLS_C0013227\UMLS_C0003451\UMLS:C1138226\,@,2020-03-18,2020-03-18,2020-03-18,ACT,NULL,NULL,NULL,NULL
6,\ACT\UMLS_C0031437\SNOMED_3947185011\UMLS_C0087111\UMLS_C0013227\UMLS_C0003451\ACT|LOCAL_REMDESIVIR\,Remdesivir,N,LA ,NULL,ACT|LOCAL:REMDESIVIR,NULL,concept_cd,concept_dimension,concept_path,T,LIKE,\ACT\UMLS_C0031437\SNOMED_3947185011\UMLS_C0087111\UMLS_C0013227\UMLS_C0003451\ACT|LOCAL:REMDESIVIR\,NULL,\ACT\UMLS_C0031437\SNOMED_3947185011\UMLS_C0087111\UMLS_C0013227\UMLS_C0003451\ACT|LOCAL:REMDESIVIR\,@,2020-03-18,2020-03-18,2020-03-18,ACT,NULL,NULL,NULL,NULL
6,\ACT\UMLS_C0031437\SNOMED_3947185011\UMLS_C0087111\UMLS_C0013227\UMLS_C0003374\ATC_P01BA01\,Chloroquine,N,LA ,NULL,ATC:P01BA01,NULL,concept_cd,concept_dimension,concept_path,T,LIKE,\ACT\UMLS_C0031437\SNOMED_3947185011\UMLS_C0087111\UMLS_C0013227\UMLS_C0003374\ATC:P01BA01\,NULL,\ACT\UMLS_C0031437\SNOMED_3947185011\UMLS_C0087111\UMLS_C0013227\UMLS_C0003374\ATC:P01BA01\,@,2020-03-18,2020-03-18,2020-03-18,ACT,NULL,NULL,NULL,NULL
6,\ACT\UMLS_C0031437\SNOMED_3947185011\UMLS_C0087111\UMLS_C0013227\UMLS_C0021081\ATC_L04AC07\,Tocilizumab,N,LA ,NULL,ATC:L04AC07,NULL,concept_cd,concept_dimension,concept_path,T,LIKE,\ACT\UMLS_C0031437\SNOMED_3947185011\UMLS_C0087111\UMLS_C0013227\UMLS_C0021081\ATC:L04AC07\,NULL,\ACT\UMLS_C0031437\SNOMED_3947185011\UMLS_C0087111\UMLS_C0013227\UMLS_C0021081\ATC:L04AC07\,@,2020-03-18,2020-03-18,2020-03-18,ACT,NULL,NULL,NULL,NULL
6,\ACT\UMLS_C0031437\SNOMED_3947185011\UMLS_C0022885\SNOMED_258603007\LOINC_94500-6\LOINC:94500-6 NEGATIVE\,LOINC:94500-6 NEGATIVE,N,LA ,NULL,LOINC:94500-6 NEGATIVE,NULL,concept_cd,concept_dimension,concept_path,T,LIKE,\ACT\UMLS_C0031437\SNOMED_3947185011\UMLS_C0022885\LOINC_94307-6\,NULL,\ACT\UMLS_C0031437\SNOMED_3947185011\UMLS_C0022885\SNOMED_258603007\LOINC_94500-6\LOINC:94500-6 NEGATIVE\,@,2020-03-18,2020-03-18,2020-03-18,ACT,NULL,NULL,NULL,NULL
6,\ACT\UMLS_C0031437\SNOMED_3947185011\UMLS_C0022885\SNOMED_258603007\LOINC_94533-7\LOINC:94533-7 NEGATIVE\,LOINC:94533-7 NEGATIVE,N,LA ,NULL,LOINC:94533-7 NEGATIVE,NULL,concept_cd,concept_dimension,concept_path,T,LIKE,\ACT\UMLS_C0031437\SNOMED_3947185011\UMLS_C0022885\LOINC_94308-4\,NULL,\ACT\UMLS_C0031437\SNOMED_3947185011\UMLS_C0022885\SNOMED_258603007\LOINC_94533-7\LOINC:94533-7 NEGATIVE\,@,2020-03-18,2020-03-18,2020-03-18,ACT,NULL,NULL,NULL,NULL
6,\ACT\UMLS_C0031437\SNOMED_3947185011\UMLS_C0022885\SNOMED_430304001\LOINC_94307-6\LOINC:94307-6 NEGATIVE\,LOINC:94307-6 NEGATIVE,N,LA ,NULL,LOINC:94307-6 NEGATIVE,NULL,concept_cd,concept_dimension,concept_path,T,LIKE,\ACT\UMLS_C0031437\SNOMED_3947185011\UMLS_C0022885\LOINC_94315-9\,NULL,\ACT\UMLS_C0031437\SNOMED_3947185011\UMLS_C0022885\SNOMED_430304001\LOINC_94307-6\LOINC:94307-6 NEGATIVE\,@,2020-03-18,2020-03-18,2020-03-18,ACT,NULL,NULL,NULL,NULL
6,\ACT\UMLS_C0031437\SNOMED_3947185011\UMLS_C0022885\SNOMED_258603007\LOINC_94534-5\LOINC:94534-5 NEGATIVE\,LOINC:94534-5 NEGATIVE,N,LA ,NULL,LOINC:94534-5 NEGATIVE,NULL,concept_cd,concept_dimension,concept_path,T,LIKE,\ACT\UMLS_C0031437\SNOMED_3947185011\UMLS_C0022885\LOINC_94309-2\,NULL,\ACT\UMLS_C0031437\SNOMED_3947185011\UMLS_C0022885\SNOMED_258603007\LOINC_94534-5\LOINC:94534-5 NEGATIVE\,@,2020-03-18,2020-03-18,2020-03-18,ACT,NULL,NULL,NULL,NULL
6,\ACT\UMLS_C0031437\SNOMED_3947185011\UMLS_C0022885\SNOMED_258603007\LOINC_94532-9\LOINC:94532-9 NEGATIVE\,LOINC:94532-9 NEGATIVE,N,LA ,NULL,LOINC:94532-9 NEGATIVE,NULL,concept_cd,concept_dimension,concept_path,T,LIKE,\ACT\UMLS_C0031437\SNOMED_3947185011\UMLS_C0022885\LOINC_94310-0\,NULL,\ACT\UMLS_C0031437\SNOMED_3947185011\UMLS_C0022885\SNOMED_258603007\LOINC_94532-9\LOINC:94532-9 NEGATIVE\,@,2020-03-18,2020-03-18,2020-03-18,ACT,NULL,NULL,NULL,NULL
6,\ACT\UMLS_C0031437\SNOMED_3947185011\UMLS_C0022885\SNOMED_258603007\LOINC_94502-2\LOINC:94502-2 NEGATIVE\,LOINC:94502-2 NEGATIVE,N,LA ,NULL,LOINC:94502-2 NEGATIVE,NULL,concept_cd,concept_dimension,concept_path,T,LIKE,\ACT\UMLS_C0031437\SNOMED_3947185011\UMLS_C0022885\LOINC_94311-8\,NULL,\ACT\UMLS_C0031437\SNOMED_3947185011\UMLS_C0022885\SNOMED_258603007\LOINC_94502-2\LOINC:94502-2 NEGATIVE\,@,2020-03-18,2020-03-18,2020-03-18,ACT,NULL,NULL,NULL,NULL
6,\ACT\UMLS_C0031437\SNOMED_3947185011\UMLS_C0022885\SNOMED_430304001\LOINC_94309-2\LOINC:94309-2 NEGATIVE\,LOINC:94309-2 NEGATIVE,N,LA ,NULL,LOINC:94309-2 NEGATIVE,NULL,concept_cd,concept_dimension,concept_path,T,LIKE,\ACT\UMLS_C0031437\SNOMED_3947185011\UMLS_C0022885\LOINC_94313-4\,NULL,\ACT\UMLS_C0031437\SNOMED_3947185011\UMLS_C0022885\SNOMED_430304001\LOINC_94309-2\LOINC:94309-2 NEGATIVE\,@,2020-03-18,2020-03-18,2020-03-18,ACT,NULL,NULL,NULL,NULL
6,\ACT\UMLS_C0031437\SNOMED_3947185011\UMLS_C0022885\SNOMED_430304001\LOINC_94308-4\LOINC:94308-4 NEGATIVE\,LOINC:94308-4 NEGATIVE,N,LA ,NULL,LOINC:94308-4 NEGATIVE,NULL,concept_cd,concept_dimension,concept_path,T,LIKE,\ACT\UMLS_C0031437\SNOMED_3947185011\UMLS_C0022885\LOINC_94316-7\,NULL,\ACT\UMLS_C0031437\SNOMED_3947185011\UMLS_C0022885\SNOMED_430304001\LOINC_94308-4\LOINC:94308-4 NEGATIVE\,@,2020-03-18,2020-03-18,2020-03-18,ACT,NULL,NULL,NULL,NULL
6,\ACT\UMLS_C0031437\SNOMED_3947185011\UMLS_C0022885\SNOMED_430304001\LOINC_94510-5\LOINC:94310-5 NEGATIVE\,LOINC:94310-5 NEGATIVE,N,LA ,NULL,LOINC:94310-5 NEGATIVE,NULL,concept_cd,concept_dimension,concept_path,T,LIKE,\ACT\UMLS_C0031437\SNOMED_3947185011\UMLS_C0022885\UMLS_C0521094\,NULL,\ACT\UMLS_C0031437\SNOMED_3947185011\UMLS_C0022885\SNOMED_430304001\LOINC_94510-5\LOINC:94310-5 NEGATIVE\,@,2020-03-18,2020-03-18,2020-03-18,ACT,NULL,NULL,NULL,NULL
6,\ACT\UMLS_C0031437\SNOMED_3947185011\UMLS_C0022885\SNOMED_430304001\LOINC_94311-8\LOINC:94311-8 NEGATIVE\,LOINC:94311-8 NEGATIVE,N,LA ,NULL,LOINC:94311-8 NEGATIVE,NULL,concept_cd,concept_dimension,concept_path,T,LIKE,\ACT\UMLS_C0031437\SNOMED_3947185011\UMLS_C0022885\UMLS_C0521094\,NULL,\ACT\UMLS_C0031437\SNOMED_3947185011\UMLS_C0022885\SNOMED_430304001\LOINC_94311-8\LOINC:94311-8 NEGATIVE\,@,2020-03-18,2020-03-18,2020-03-18,ACT,NULL,NULL,NULL,NULL
6,\ACT\UMLS_C0031437\SNOMED_3947185011\UMLS_C0022885\SNOMED_430304001\LOINC_94315-9\LOINC:94315-9 NEGATIVE\,LOINC:94315-9 NEGATIVE,N,LA ,NULL,LOINC:94315-9 NEGATIVE,NULL,concept_cd,concept_dimension,concept_path,T,LIKE,\ACT\UMLS_C0031437\SNOMED_3947185011\UMLS_C0022885\UMLS_C0521094\,NULL,\ACT\UMLS_C0031437\SNOMED_3947185011\UMLS_C0022885\SNOMED_430304001\LOINC_94315-9\LOINC:94315-9 NEGATIVE\,@,2020-03-18,2020-03-18,2020-03-18,ACT,NULL,NULL,NULL,NULL
6,\ACT\UMLS_C0031437\SNOMED_3947185011\UMLS_C0022885\SNOMED_430304001\LOINC_94509-7\LOINC:94509-7 NEGATIVE\,LOINC:94509-7 NEGATIVE,N,LA ,NULL,LOINC:94509-7 NEGATIVE,NULL,concept_cd,concept_dimension,concept_path,T,LIKE,\ACT\UMLS_C0031437\SNOMED_3947185011\UMLS_C0022885\UMLS_C0521094\,NULL,\ACT\UMLS_C0031437\SNOMED_3947185011\UMLS_C0022885\SNOMED_430304001\LOINC_94509-7\LOINC:94509-7 NEGATIVE\,@,2020-03-18,2020-03-18,2020-03-18,ACT,NULL,NULL,NULL,NULL
6,\ACT\UMLS_C0031437\SNOMED_3947185011\UMLS_C0022885\SNOMED_430304001\LOINC_94314-2\LOINC:94314-2 NEGATIVE\,LOINC:94314-2 NEGATIVE,N,LA ,NULL,LOINC:94314-2 NEGATIVE,NULL,concept_cd,concept_dimension,concept_path,T,LIKE,\ACT\UMLS_C0031437\SNOMED_3947185011\UMLS_C0022885\UMLS_C0521094\,NULL,\ACT\UMLS_C0031437\SNOMED_3947185011\UMLS_C0022885\SNOMED_430304001\LOINC_94314-2\LOINC:94314-2 NEGATIVE\,@,2020-03-18,2020-03-18,2020-03-18,ACT,NULL,NULL,NULL,NULL
6,\ACT\UMLS_C0031437\SNOMED_3947185011\UMLS_C0022885\SNOMED_430304001\LOINC_94511-3\LOINC:94511-3 NEGATIVE\,LOINC:94511-3 NEGATIVE,N,LA ,NULL,LOINC:94511-3 NEGATIVE,NULL,concept_cd,concept_dimension,concept_path,T,LIKE,\ACT\UMLS_C0031437\SNOMED_3947185011\UMLS_C0022885\UMLS_C0521094\,NULL,\ACT\UMLS_C0031437\SNOMED_3947185011\UMLS_C0022885\SNOMED_430304001\LOINC_94511-3\LOINC:94511-3 NEGATIVE\,@,2020-03-18,2020-03-18,2020-03-18,ACT,NULL,NULL,NULL,NULL
6,\ACT\UMLS_C0031437\SNOMED_3947185011\UMLS_C0022885\SNOMED_430304001\LOINC_94310-0\LOINC:94310-0 NEGATIVE\,LOINC:94310-0 NEGATIVE,N,LA ,NULL,LOINC:94310-0 NEGATIVE,NULL,concept_cd,concept_dimension,concept_path,T,LIKE,\ACT\UMLS_C0031437\SNOMED_3947185011\UMLS_C0022885\UMLS_C0521094\,NULL,\ACT\UMLS_C0031437\SNOMED_3947185011\UMLS_C0022885\SNOMED_430304001\LOINC_94310-0\LOINC:94310-0 NEGATIVE\,@,2020-03-18,2020-03-18,2020-03-18,ACT,NULL,NULL,NULL,NULL
6,\ACT\UMLS_C0031437\SNOMED_3947185011\UMLS_C0022885\SNOMED_430304001\LOINC_94313-4\LOINC:94313-4 NEGATIVE\,LOINC:94313-4 NEGATIVE,N,LA ,NULL,LOINC:94313-4 NEGATIVE,NULL,concept_cd,concept_dimension,concept_path,T,LIKE,\ACT\UMLS_C0031437\SNOMED_3947185011\UMLS_C0022885\UMLS_C0521094\,NULL,\ACT\UMLS_C0031437\SNOMED_3947185011\UMLS_C0022885\SNOMED_430304001\LOINC_94313-4\LOINC:94313-4 NEGATIVE\,@,2020-03-18,2020-03-18,2020-03-18,ACT,NULL,NULL,NULL,NULL
6,\ACT\UMLS_C0031437\SNOMED_3947185011\UMLS_C0022885\SNOMED_120646007\LOINC_94507-1\LOINC:94507-1 NEGATIVE\,LOINC:94507-1 NEGATIVE,N,LA ,NULL,LOINC:94507-1 NEGATIVE,NULL,concept_cd,concept_dimension,concept_path,T,LIKE,\ACT\UMLS_C0031437\SNOMED_3947185011\UMLS_C0022885\UMLS_C0521094\,NULL,\ACT\UMLS_C0031437\SNOMED_3947185011\UMLS_C0022885\SNOMED_120646007\LOINC_94507-1\LOINC:94507-1 NEGATIVE\,@,2020-03-18,2020-03-18,2020-03-18,ACT,NULL,NULL,NULL,NULL
6,\ACT\UMLS_C0031437\SNOMED_3947185011\UMLS_C0022885\SNOMED_120646007\LOINC_94505-5\LOINC:94505-5 NEGATIVE\,LOINC:94505-5 NEGATIVE,N,LA ,NULL,LOINC:94505-5 NEGATIVE,NULL,concept_cd,concept_dimension,concept_path,T,LIKE,\ACT\UMLS_C0031437\SNOMED_3947185011\UMLS_C0022885\UMLS_C0521094\,NULL,\ACT\UMLS_C0031437\SNOMED_3947185011\UMLS_C0022885\SNOMED_120646007\LOINC_94505-5\LOINC:94505-5 NEGATIVE\,@,2020-03-18,2020-03-18,2020-03-18,ACT,NULL,NULL,NULL,NULL
6,\ACT\UMLS_C0031437\SNOMED_3947185011\UMLS_C0022885\SNOMED_120646007\LOINC_94508-9\LOINC:94508-9 NEGATIVE\,LOINC:94508-9 NEGATIVE,N,LA ,NULL,LOINC:94508-9 NEGATIVE,NULL,concept_cd,concept_dimension,concept_path,T,LIKE,\ACT\UMLS_C0031437\SNOMED_3947185011\UMLS_C0022885\UMLS_C0521094\,NULL,\ACT\UMLS_C0031437\SNOMED_3947185011\UMLS_C0022885\SNOMED_120646007\LOINC_94508-9\LOINC:94508-9 NEGATIVE\,@,2020-03-18,2020-03-18,2020-03-18,ACT,NULL,NULL,NULL,NULL
